Model,MSE,R2_Score
Linear Regression,5.0350271139455245,-1.0510993444381156
Ridge Regression,5.016004572049391,-1.043350205788069
Lasso Regression,2.636072137340601,-0.07384641838681216
Decision Tree,5.51537239466792,-1.2467757267290547
Random Forest,2.4513874567032827,0.0013878591672820129
SVR,1.142793217817153,0.5344647870115826
Gradient Boosting,1.5842334773774849,0.354636991350861
